Category,Method_A,Method_B,Avg_Jaccard_Similarity
dag101_MEDIUM,greedy,greedy,1.0
dag101_MEDIUM,greedy,sghc,0.8448166268566214
dag101_MEDIUM,greedy,sa,0.9235691843819881
dag101_MEDIUM,greedy,sasa,0.891739427636652
dag101_MEDIUM,greedy,qp,0.7130372227937377
dag101_MEDIUM,greedy,qpbo,0.11353126335528213
dag101_MEDIUM,sghc,greedy,0.8448166268566214
dag101_MEDIUM,sghc,sghc,1.0
dag101_MEDIUM,sghc,sa,0.8940306387644942
dag101_MEDIUM,sghc,sasa,0.9075064288318065
dag101_MEDIUM,sghc,qp,0.7939877421140252
dag101_MEDIUM,sghc,qpbo,0.12274248660716487
dag101_MEDIUM,sa,greedy,0.9235691843819881
dag101_MEDIUM,sa,sghc,0.8940306387644942
dag101_MEDIUM,sa,sa,1.0
dag101_MEDIUM,sa,sasa,0.9471073020163142
dag101_MEDIUM,sa,qp,0.7494670143904889
dag101_MEDIUM,sa,qpbo,0.1128329304611424
dag101_MEDIUM,sasa,greedy,0.891739427636652
dag101_MEDIUM,sasa,sghc,0.9075064288318065
dag101_MEDIUM,sasa,sa,0.9471073020163142
dag101_MEDIUM,sasa,sasa,1.0
dag101_MEDIUM,sasa,qp,0.7739162091501028
dag101_MEDIUM,sasa,qpbo,0.11639640374269612
dag101_MEDIUM,qp,greedy,0.7130372227937377
dag101_MEDIUM,qp,sghc,0.7939877421140252
dag101_MEDIUM,qp,sa,0.7494670143904889
dag101_MEDIUM,qp,sasa,0.7739162091501028
dag101_MEDIUM,qp,qp,1.0
dag101_MEDIUM,qp,qpbo,0.13412509488913182
dag101_MEDIUM,qpbo,greedy,0.11353126335528213
dag101_MEDIUM,qpbo,sghc,0.12274248660716487
dag101_MEDIUM,qpbo,sa,0.1128329304611424
dag101_MEDIUM,qpbo,sasa,0.11639640374269612
dag101_MEDIUM,qpbo,qp,0.13412509488913182
dag101_MEDIUM,qpbo,qpbo,1.0
dag102_MEDIUM,greedy,greedy,1.0
dag102_MEDIUM,greedy,sghc,0.6539958115273653
dag102_MEDIUM,greedy,sa,0.8185609757916937
dag102_MEDIUM,greedy,sasa,0.7148277449771537
dag102_MEDIUM,greedy,qp,0.5956681094220754
dag102_MEDIUM,greedy,qpbo,0.2705150527200605
dag102_MEDIUM,sghc,greedy,0.6539958115273653
dag102_MEDIUM,sghc,sghc,1.0
dag102_MEDIUM,sghc,sa,0.7025487029671863
dag102_MEDIUM,sghc,sasa,0.7512309796557174
dag102_MEDIUM,sghc,qp,0.7101801906463652
dag102_MEDIUM,sghc,qpbo,0.31503517341358583
dag102_MEDIUM,sa,greedy,0.8185609757916937
dag102_MEDIUM,sa,sghc,0.7025487029671863
dag102_MEDIUM,sa,sa,1.0
dag102_MEDIUM,sa,sasa,0.780616971736306
dag102_MEDIUM,sa,qp,0.6510367686057277
dag102_MEDIUM,sa,qpbo,0.2793133511568067
dag102_MEDIUM,sasa,greedy,0.7148277449771537
dag102_MEDIUM,sasa,sghc,0.7512309796557174
dag102_MEDIUM,sasa,sa,0.780616971736306
dag102_MEDIUM,sasa,sasa,1.0
dag102_MEDIUM,sasa,qp,0.7274678176499196
dag102_MEDIUM,sasa,qpbo,0.30070366320537284
dag102_MEDIUM,qp,greedy,0.5956681094220754
dag102_MEDIUM,qp,sghc,0.7101801906463652
dag102_MEDIUM,qp,sa,0.6510367686057277
dag102_MEDIUM,qp,sasa,0.7274678176499196
dag102_MEDIUM,qp,qp,1.0
dag102_MEDIUM,qp,qpbo,0.333894100780398
dag102_MEDIUM,qpbo,greedy,0.2705150527200605
dag102_MEDIUM,qpbo,sghc,0.31503517341358583
dag102_MEDIUM,qpbo,sa,0.2793133511568067
dag102_MEDIUM,qpbo,sasa,0.30070366320537284
dag102_MEDIUM,qpbo,qp,0.333894100780398
dag102_MEDIUM,qpbo,qpbo,1.0
dag103_MEDIUM,greedy,greedy,1.0
dag103_MEDIUM,greedy,sghc,0.620780830871634
dag103_MEDIUM,greedy,sa,0.8047765389228964
dag103_MEDIUM,greedy,sasa,0.6853356371138232
dag103_MEDIUM,greedy,qp,0.5750563709165388
dag103_MEDIUM,greedy,qpbo,0.2584870836078845
dag103_MEDIUM,sghc,greedy,0.620780830871634
dag103_MEDIUM,sghc,sghc,1.0
dag103_MEDIUM,sghc,sa,0.6887630997716562
dag103_MEDIUM,sghc,sasa,0.7400576765004822
dag103_MEDIUM,sghc,qp,0.7155635900151965
dag103_MEDIUM,sghc,qpbo,0.2979794632099284
dag103_MEDIUM,sa,greedy,0.8047765389228964
dag103_MEDIUM,sa,sghc,0.6887630997716562
dag103_MEDIUM,sa,sa,1.0
dag103_MEDIUM,sa,sasa,0.753982576663601
dag103_MEDIUM,sa,qp,0.6335097367242609
dag103_MEDIUM,sa,qpbo,0.2680287140306256
dag103_MEDIUM,sasa,greedy,0.6853356371138232
dag103_MEDIUM,sasa,sghc,0.7400576765004822
dag103_MEDIUM,sasa,sa,0.753982576663601
dag103_MEDIUM,sasa,sasa,1.0
dag103_MEDIUM,sasa,qp,0.7209192713101761
dag103_MEDIUM,sasa,qpbo,0.2848009316437945
dag103_MEDIUM,qp,greedy,0.5750563709165388
dag103_MEDIUM,qp,sghc,0.7155635900151965
dag103_MEDIUM,qp,sa,0.6335097367242609
dag103_MEDIUM,qp,sasa,0.7209192713101761
dag103_MEDIUM,qp,qp,1.0
dag103_MEDIUM,qp,qpbo,0.31828096536808265
dag103_MEDIUM,qpbo,greedy,0.2584870836078845
dag103_MEDIUM,qpbo,sghc,0.2979794632099284
dag103_MEDIUM,qpbo,sa,0.2680287140306256
dag103_MEDIUM,qpbo,sasa,0.2848009316437945
dag103_MEDIUM,qpbo,qp,0.31828096536808265
dag103_MEDIUM,qpbo,qpbo,1.0
dag201_MEDIUM,greedy,greedy,1.0
dag201_MEDIUM,greedy,sghc,0.8384405280914494
dag201_MEDIUM,greedy,sa,0.8397074478898631
dag201_MEDIUM,greedy,sasa,0.8180837759815688
dag201_MEDIUM,greedy,qp,0.8076597812261027
dag201_MEDIUM,greedy,qpbo,0.7612210190971997
dag201_MEDIUM,sghc,greedy,0.8384405280914494
dag201_MEDIUM,sghc,sghc,1.0
dag201_MEDIUM,sghc,sa,0.8768965227006613
dag201_MEDIUM,sghc,sasa,0.8740449872354286
dag201_MEDIUM,sghc,qp,0.8539054041772377
dag201_MEDIUM,sghc,qpbo,0.7644952136769905
dag201_MEDIUM,sa,greedy,0.8397074478898631
dag201_MEDIUM,sa,sghc,0.8768965227006613
dag201_MEDIUM,sa,sa,1.0
dag201_MEDIUM,sa,sasa,0.8861334448381948
dag201_MEDIUM,sa,qp,0.8658196035772899
dag201_MEDIUM,sa,qpbo,0.7756750671757707
dag201_MEDIUM,sasa,greedy,0.8180837759815688
dag201_MEDIUM,sasa,sghc,0.8740449872354286
dag201_MEDIUM,sasa,sa,0.8861334448381948
dag201_MEDIUM,sasa,sasa,1.0
dag201_MEDIUM,sasa,qp,0.9048762846939096
dag201_MEDIUM,sasa,qpbo,0.7799011666714707
dag201_MEDIUM,qp,greedy,0.8076597812261027
dag201_MEDIUM,qp,sghc,0.8539054041772377
dag201_MEDIUM,qp,sa,0.8658196035772899
dag201_MEDIUM,qp,sasa,0.9048762846939096
dag201_MEDIUM,qp,qp,1.0
dag201_MEDIUM,qp,qpbo,0.8086872134437882
dag201_MEDIUM,qpbo,greedy,0.7612210190971997
dag201_MEDIUM,qpbo,sghc,0.7644952136769905
dag201_MEDIUM,qpbo,sa,0.7756750671757707
dag201_MEDIUM,qpbo,sasa,0.7799011666714707
dag201_MEDIUM,qpbo,qp,0.8086872134437882
dag201_MEDIUM,qpbo,qpbo,1.0
dag202_MEDIUM,greedy,greedy,1.0
dag202_MEDIUM,greedy,sghc,0.6997681932893487
dag202_MEDIUM,greedy,sa,0.8220800883558161
dag202_MEDIUM,greedy,sasa,0.7054071934038678
dag202_MEDIUM,greedy,qp,0.5966489967524913
dag202_MEDIUM,greedy,qpbo,0.26344469518890457
dag202_MEDIUM,sghc,greedy,0.6997681932893487
dag202_MEDIUM,sghc,sghc,1.0
dag202_MEDIUM,sghc,sa,0.7478340909579783
dag202_MEDIUM,sghc,sasa,0.7678042775957484
dag202_MEDIUM,sghc,qp,0.6944288014560659
dag202_MEDIUM,sghc,qpbo,0.3040386651766118
dag202_MEDIUM,sa,greedy,0.8220800883558161
dag202_MEDIUM,sa,sghc,0.7478340909579783
dag202_MEDIUM,sa,sa,1.0
dag202_MEDIUM,sa,sasa,0.7670108754957967
dag202_MEDIUM,sa,qp,0.648978946933315
dag202_MEDIUM,sa,qpbo,0.27324633240780916
dag202_MEDIUM,sasa,greedy,0.7054071934038678
dag202_MEDIUM,sasa,sghc,0.7678042775957484
dag202_MEDIUM,sasa,sa,0.7670108754957967
dag202_MEDIUM,sasa,sasa,1.0
dag202_MEDIUM,sasa,qp,0.7294967453053589
dag202_MEDIUM,sasa,qpbo,0.29769339201781536
dag202_MEDIUM,qp,greedy,0.5966489967524913
dag202_MEDIUM,qp,sghc,0.6944288014560659
dag202_MEDIUM,qp,sa,0.648978946933315
dag202_MEDIUM,qp,sasa,0.7294967453053589
dag202_MEDIUM,qp,qp,1.0
dag202_MEDIUM,qp,qpbo,0.3310456240524729
dag202_MEDIUM,qpbo,greedy,0.26344469518890457
dag202_MEDIUM,qpbo,sghc,0.3040386651766118
dag202_MEDIUM,qpbo,sa,0.27324633240780916
dag202_MEDIUM,qpbo,sasa,0.29769339201781536
dag202_MEDIUM,qpbo,qp,0.3310456240524729
dag202_MEDIUM,qpbo,qpbo,1.0
dag203_MEDIUM,greedy,greedy,1.0
dag203_MEDIUM,greedy,sghc,0.6645329445838759
dag203_MEDIUM,greedy,sa,0.8449981861733566
dag203_MEDIUM,greedy,sasa,0.7657386897386941
dag203_MEDIUM,greedy,qp,0.0
dag203_MEDIUM,greedy,qpbo,0.1079514319244325
dag203_MEDIUM,sghc,greedy,0.6645329445838759
dag203_MEDIUM,sghc,sghc,1.0
dag203_MEDIUM,sghc,sa,0.6917083196279727
dag203_MEDIUM,sghc,sasa,0.7455260043509435
dag203_MEDIUM,sghc,qp,0.0
dag203_MEDIUM,sghc,qpbo,0.13265330251069837
dag203_MEDIUM,sa,greedy,0.8449981861733566
dag203_MEDIUM,sa,sghc,0.6917083196279727
dag203_MEDIUM,sa,sa,1.0
dag203_MEDIUM,sa,sasa,0.8155061928777211
dag203_MEDIUM,sa,qp,0.0
dag203_MEDIUM,sa,qpbo,0.10906243779586489
dag203_MEDIUM,sasa,greedy,0.7657386897386941
dag203_MEDIUM,sasa,sghc,0.7455260043509435
dag203_MEDIUM,sasa,sa,0.8155061928777211
dag203_MEDIUM,sasa,sasa,1.0
dag203_MEDIUM,sasa,qp,0.0
dag203_MEDIUM,sasa,qpbo,0.11755535962903578
dag203_MEDIUM,qp,greedy,0.0
dag203_MEDIUM,qp,sghc,0.0
dag203_MEDIUM,qp,sa,0.0
dag203_MEDIUM,qp,sasa,0.0
dag203_MEDIUM,qp,qp,0.0
dag203_MEDIUM,qp,qpbo,0.0
dag203_MEDIUM,qpbo,greedy,0.1079514319244325
dag203_MEDIUM,qpbo,sghc,0.13265330251069837
dag203_MEDIUM,qpbo,sa,0.10906243779586489
dag203_MEDIUM,qpbo,sasa,0.11755535962903578
dag203_MEDIUM,qpbo,qp,0.0
dag203_MEDIUM,qpbo,qpbo,1.0
dag301_MEDIUM,greedy,greedy,1.0
dag301_MEDIUM,greedy,sghc,0.851102535225195
dag301_MEDIUM,greedy,sa,0.8477844100856385
dag301_MEDIUM,greedy,sasa,0.8333471983210051
dag301_MEDIUM,greedy,qp,0.7944205990877781
dag301_MEDIUM,greedy,qpbo,0.7679756616823373
dag301_MEDIUM,sghc,greedy,0.851102535225195
dag301_MEDIUM,sghc,sghc,1.0
dag301_MEDIUM,sghc,sa,0.8573494321619797
dag301_MEDIUM,sghc,sasa,0.8687870154442013
dag301_MEDIUM,sghc,qp,0.8193852379846094
dag301_MEDIUM,sghc,qpbo,0.7747047066289211
dag301_MEDIUM,sa,greedy,0.8477844100856385
dag301_MEDIUM,sa,sghc,0.8573494321619797
dag301_MEDIUM,sa,sa,1.0
dag301_MEDIUM,sa,sasa,0.8537268668769115
dag301_MEDIUM,sa,qp,0.8093181919002356
dag301_MEDIUM,sa,qpbo,0.7694695116077961
dag301_MEDIUM,sasa,greedy,0.8333471983210051
dag301_MEDIUM,sasa,sghc,0.8687870154442013
dag301_MEDIUM,sasa,sa,0.8537268668769115
dag301_MEDIUM,sasa,sasa,1.0
dag301_MEDIUM,sasa,qp,0.8712372953083195
dag301_MEDIUM,sasa,qpbo,0.7937067155835665
dag301_MEDIUM,qp,greedy,0.7944205990877781
dag301_MEDIUM,qp,sghc,0.8193852379846094
dag301_MEDIUM,qp,sa,0.8093181919002356
dag301_MEDIUM,qp,sasa,0.8712372953083195
dag301_MEDIUM,qp,qp,1.0
dag301_MEDIUM,qp,qpbo,0.8283090715071856
dag301_MEDIUM,qpbo,greedy,0.7679756616823373
dag301_MEDIUM,qpbo,sghc,0.7747047066289211
dag301_MEDIUM,qpbo,sa,0.7694695116077961
dag301_MEDIUM,qpbo,sasa,0.7937067155835665
dag301_MEDIUM,qpbo,qp,0.8283090715071856
dag301_MEDIUM,qpbo,qpbo,1.0
dag302_MEDIUM,greedy,greedy,1.0
dag302_MEDIUM,greedy,sghc,0.6514623845944981
dag302_MEDIUM,greedy,sa,0.8025560757075302
dag302_MEDIUM,greedy,sasa,0.6992130776277823
dag302_MEDIUM,greedy,qp,0.5930322535141251
dag302_MEDIUM,greedy,qpbo,0.2601518685240374
dag302_MEDIUM,sghc,greedy,0.6514623845944981
dag302_MEDIUM,sghc,sghc,1.0
dag302_MEDIUM,sghc,sa,0.7011787735664523
dag302_MEDIUM,sghc,sasa,0.7519580008537861
dag302_MEDIUM,sghc,qp,0.706878174713163
dag302_MEDIUM,sghc,qpbo,0.30456024305154883
dag302_MEDIUM,sa,greedy,0.8025560757075302
dag302_MEDIUM,sa,sghc,0.7011787735664523
dag302_MEDIUM,sa,sa,1.0
dag302_MEDIUM,sa,sasa,0.7538765415015627
dag302_MEDIUM,sa,qp,0.6469165580626614
dag302_MEDIUM,sa,qpbo,0.2690277981163958
dag302_MEDIUM,sasa,greedy,0.6992130776277823
dag302_MEDIUM,sasa,sghc,0.7519580008537861
dag302_MEDIUM,sasa,sa,0.7538765415015627
dag302_MEDIUM,sasa,sasa,1.0
dag302_MEDIUM,sasa,qp,0.727479819438158
dag302_MEDIUM,sasa,qpbo,0.2986089177807882
dag302_MEDIUM,qp,greedy,0.5930322535141251
dag302_MEDIUM,qp,sghc,0.706878174713163
dag302_MEDIUM,qp,sa,0.6469165580626614
dag302_MEDIUM,qp,sasa,0.727479819438158
dag302_MEDIUM,qp,qp,1.0
dag302_MEDIUM,qp,qpbo,0.316810356635609
dag302_MEDIUM,qpbo,greedy,0.2601518685240374
dag302_MEDIUM,qpbo,sghc,0.30456024305154883
dag302_MEDIUM,qpbo,sa,0.2690277981163958
dag302_MEDIUM,qpbo,sasa,0.2986089177807882
dag302_MEDIUM,qpbo,qp,0.316810356635609
dag302_MEDIUM,qpbo,qpbo,1.0
dag303_MEDIUM,greedy,greedy,1.0
dag303_MEDIUM,greedy,sghc,0.6321531606164194
dag303_MEDIUM,greedy,sa,0.844575357464866
dag303_MEDIUM,greedy,sasa,0.759081316417575
dag303_MEDIUM,greedy,qp,0.0
dag303_MEDIUM,greedy,qpbo,0.14567709238552096
dag303_MEDIUM,sghc,greedy,0.6321531606164194
dag303_MEDIUM,sghc,sghc,1.0
dag303_MEDIUM,sghc,sa,0.6786065066717083
dag303_MEDIUM,sghc,sasa,0.7231213037921268
dag303_MEDIUM,sghc,qp,0.0
dag303_MEDIUM,sghc,qpbo,0.18270708584160414
dag303_MEDIUM,sa,greedy,0.844575357464866
dag303_MEDIUM,sa,sghc,0.6786065066717083
dag303_MEDIUM,sa,sa,1.0
dag303_MEDIUM,sa,sasa,0.8357298997121134
dag303_MEDIUM,sa,qp,0.0
dag303_MEDIUM,sa,qpbo,0.14889864014096632
dag303_MEDIUM,sasa,greedy,0.759081316417575
dag303_MEDIUM,sasa,sghc,0.7231213037921268
dag303_MEDIUM,sasa,sa,0.8357298997121134
dag303_MEDIUM,sasa,sasa,1.0
dag303_MEDIUM,sasa,qp,0.0
dag303_MEDIUM,sasa,qpbo,0.15966343125563795
dag303_MEDIUM,qp,greedy,0.0
dag303_MEDIUM,qp,sghc,0.0
dag303_MEDIUM,qp,sa,0.0
dag303_MEDIUM,qp,sasa,0.0
dag303_MEDIUM,qp,qp,0.0
dag303_MEDIUM,qp,qpbo,0.0
dag303_MEDIUM,qpbo,greedy,0.14567709238552096
dag303_MEDIUM,qpbo,sghc,0.18270708584160414
dag303_MEDIUM,qpbo,sa,0.14889864014096632
dag303_MEDIUM,qpbo,sasa,0.15966343125563795
dag303_MEDIUM,qpbo,qp,0.0
dag303_MEDIUM,qpbo,qpbo,1.0
dag401_MEDIUM,greedy,greedy,1.0
dag401_MEDIUM,greedy,sghc,0.8997738188324665
dag401_MEDIUM,greedy,sa,0.9629327506332906
dag401_MEDIUM,greedy,sasa,0.9225822861493104
dag401_MEDIUM,greedy,qp,0.8288258580503896
dag401_MEDIUM,greedy,qpbo,0.6091799547086946
dag401_MEDIUM,sghc,greedy,0.8997738188324665
dag401_MEDIUM,sghc,sghc,1.0
dag401_MEDIUM,sghc,sa,0.9144915101433054
dag401_MEDIUM,sghc,sasa,0.9219369927290751
dag401_MEDIUM,sghc,qp,0.8784347585684417
dag401_MEDIUM,sghc,qpbo,0.6458785187821833
dag401_MEDIUM,sa,greedy,0.9629327506332906
dag401_MEDIUM,sa,sghc,0.9144915101433054
dag401_MEDIUM,sa,sa,1.0
dag401_MEDIUM,sa,sasa,0.9358794620676351
dag401_MEDIUM,sa,qp,0.8473630314048034
dag401_MEDIUM,sa,qpbo,0.6209546327151984
dag401_MEDIUM,sasa,greedy,0.9225822861493104
dag401_MEDIUM,sasa,sghc,0.9219369927290751
dag401_MEDIUM,sasa,sa,0.9358794620676351
dag401_MEDIUM,sasa,sasa,1.0
dag401_MEDIUM,sasa,qp,0.8745491280478697
dag401_MEDIUM,sasa,qpbo,0.6378453101873012
dag401_MEDIUM,qp,greedy,0.8288258580503896
dag401_MEDIUM,qp,sghc,0.8784347585684417
dag401_MEDIUM,qp,sa,0.8473630314048034
dag401_MEDIUM,qp,sasa,0.8745491280478697
dag401_MEDIUM,qp,qp,1.0
dag401_MEDIUM,qp,qpbo,0.6829486378684532
dag401_MEDIUM,qpbo,greedy,0.6091799547086946
dag401_MEDIUM,qpbo,sghc,0.6458785187821833
dag401_MEDIUM,qpbo,sa,0.6209546327151984
dag401_MEDIUM,qpbo,sasa,0.6378453101873012
dag401_MEDIUM,qpbo,qp,0.6829486378684532
dag401_MEDIUM,qpbo,qpbo,1.0
dag402_MEDIUM,greedy,greedy,1.0
dag402_MEDIUM,greedy,sghc,0.6341340662097538
dag402_MEDIUM,greedy,sa,0.8251917324085386
dag402_MEDIUM,greedy,sasa,0.7007043649100296
dag402_MEDIUM,greedy,qp,0.5959074288737819
dag402_MEDIUM,greedy,qpbo,0.2764049554232431
dag402_MEDIUM,sghc,greedy,0.6341340662097538
dag402_MEDIUM,sghc,sghc,1.0
dag402_MEDIUM,sghc,sa,0.6832978648909286
dag402_MEDIUM,sghc,sasa,0.7360043936876824
dag402_MEDIUM,sghc,qp,0.7124300622803724
dag402_MEDIUM,sghc,qpbo,0.3160876234059996
dag402_MEDIUM,sa,greedy,0.8251917324085386
dag402_MEDIUM,sa,sghc,0.6832978648909286
dag402_MEDIUM,sa,sa,1.0
dag402_MEDIUM,sa,sasa,0.7615170345812792
dag402_MEDIUM,sa,qp,0.6481362196205099
dag402_MEDIUM,sa,qpbo,0.2849002270084704
dag402_MEDIUM,sasa,greedy,0.7007043649100296
dag402_MEDIUM,sasa,sghc,0.7360043936876824
dag402_MEDIUM,sasa,sa,0.7615170345812792
dag402_MEDIUM,sasa,sasa,1.0
dag402_MEDIUM,sasa,qp,0.7292049582431638
dag402_MEDIUM,sasa,qpbo,0.3045861859569577
dag402_MEDIUM,qp,greedy,0.5959074288737819
dag402_MEDIUM,qp,sghc,0.7124300622803724
dag402_MEDIUM,qp,sa,0.6481362196205099
dag402_MEDIUM,qp,sasa,0.7292049582431638
dag402_MEDIUM,qp,qp,1.0
dag402_MEDIUM,qp,qpbo,0.336849206804152
dag402_MEDIUM,qpbo,greedy,0.2764049554232431
dag402_MEDIUM,qpbo,sghc,0.3160876234059996
dag402_MEDIUM,qpbo,sa,0.2849002270084704
dag402_MEDIUM,qpbo,sasa,0.3045861859569577
dag402_MEDIUM,qpbo,qp,0.336849206804152
dag402_MEDIUM,qpbo,qpbo,1.0
dag403_MEDIUM,greedy,greedy,1.0
dag403_MEDIUM,greedy,sghc,0.19604396939173427
dag403_MEDIUM,greedy,sa,0.22680118526782433
dag403_MEDIUM,greedy,sasa,0.21285700134309693
dag403_MEDIUM,greedy,qp,0.06590474381935035
dag403_MEDIUM,greedy,qpbo,0.0017922085749101293
dag403_MEDIUM,sghc,greedy,0.19604396939173427
dag403_MEDIUM,sghc,sghc,1.0
dag403_MEDIUM,sghc,sa,0.5594169028819042
dag403_MEDIUM,sghc,sasa,0.45939770085153153
dag403_MEDIUM,sghc,qp,0.20923313448268077
dag403_MEDIUM,sghc,qpbo,0.0034340004391307344
dag403_MEDIUM,sa,greedy,0.22680118526782433
dag403_MEDIUM,sa,sghc,0.5594169028819042
dag403_MEDIUM,sa,sa,1.0
dag403_MEDIUM,sa,sasa,0.4407759864473264
dag403_MEDIUM,sa,qp,0.20348794759444663
dag403_MEDIUM,sa,qpbo,0.0035263876819470845
dag403_MEDIUM,sasa,greedy,0.21285700134309693
dag403_MEDIUM,sasa,sghc,0.45939770085153153
dag403_MEDIUM,sasa,sa,0.4407759864473264
dag403_MEDIUM,sasa,sasa,1.0
dag403_MEDIUM,sasa,qp,0.24277552356973872
dag403_MEDIUM,sasa,qpbo,0.005121159861601835
dag403_MEDIUM,qp,greedy,0.06590474381935035
dag403_MEDIUM,qp,sghc,0.20923313448268077
dag403_MEDIUM,qp,sa,0.20348794759444663
dag403_MEDIUM,qp,sasa,0.24277552356973872
dag403_MEDIUM,qp,qp,0.6666666666666666
dag403_MEDIUM,qp,qpbo,0.00543838705398594
dag403_MEDIUM,qpbo,greedy,0.0017922085749101293
dag403_MEDIUM,qpbo,sghc,0.0034340004391307344
dag403_MEDIUM,qpbo,sa,0.0035263876819470845
dag403_MEDIUM,qpbo,sasa,0.005121159861601835
dag403_MEDIUM,qpbo,qp,0.00543838705398594
dag403_MEDIUM,qpbo,qpbo,0.6666666666666666
